<Database>
	<!-- Obsolete Exams (Should be safe to delete eight weeks after removing from diagnosis) 
		 Always comment out, never truely delete in case users have issues of removal after eight weeks.
	-->
	<!-- Department of Diagnostics Mod by Ollyver -->
	
	<!-- C1 Blood Test -->
	<GameDBExamination ID="EXM_OL_C1_BLOOD_SAMPLE">
        <AbbreviationLocID>EXM_OL_C1_BLOOD_SAMPLE_DESC</AbbreviationLocID>
        <DiscomfortLevel>Medium</DiscomfortLevel>
        <Procedure>
            <StaffSelectionRules>REQUIRED_ROOM_OR_DEFAULT_ROOM</StaffSelectionRules>
            <RequiredDoctorQualificationList>
                <SkillRef>SKILL_DOC_QUALIF_GENERAL_MEDICINE</SkillRef>
            </RequiredDoctorQualificationList>
			
            <RequiredEquipmentList>
                <RequiredEquipment>
                    <Tag>sit_exam</Tag>
                </RequiredEquipment>
                <RequiredEquipment>
                    <Tag>doc_equipment</Tag>
                </RequiredEquipment>
                <RequiredEquipment>
                    <Tag>clean_hands</Tag>
                </RequiredEquipment>
            </RequiredEquipmentList>
           
            <RequiredRoomTags>
				<Tag>emergency_doctors_office</Tag>
				<Tag>observation</Tag>
				<Tag>trauma_center</Tag>
				<Tag>icu</Tag>
				<Tag>diag_office</Tag>
            </RequiredRoomTags>
            
            <ProcedureScript>ProcedureScriptExaminationGeneralEquipment</ProcedureScript>
            <AnimationSetupSitting>
                <AnimationNameIn>stand_blood_sampling_in</AnimationNameIn>
                <AnimationNameIdle>stand_blood_sampling_idle</AnimationNameIdle>
                <AnimationNameOut>stand_blood_sampling_out</AnimationNameOut>
            </AnimationSetupSitting>
            <AnimationSetupLying>
                <AnimationNameIn>stand_examination_in</AnimationNameIn>
                <AnimationNameIdle>stand_examination_idle</AnimationNameIdle>
                <AnimationNameOut>stand_examination_out</AnimationNameOut>
            </AnimationSetupLying>
            <DressLevel>FULL</DressLevel>
            <Biohazard>true</Biohazard>
            <Priority>10</Priority>
        </Procedure>
        <Cost>50</Cost>
        <IconIndex>1665</IconIndex>
		
		<CustomIconBigAssetRef>ASSET_DIAG_DIA_ICON_001</CustomIconBigAssetRef>
        <CustomIconSmallAssetRef>ASSET_DIAG_DIA_ICON_002</CustomIconSmallAssetRef>
		
        <DurationHours>0</DurationHours>
        <LabTestingExaminationRef>EXM_OL_C1_BLOOD_TEST</LabTestingExaminationRef>
    </GameDBExamination>
	
	<GameDBExamination ID="EXM_OL_C1_BLOOD_TEST">
        <AbbreviationLocID>EXM_OL_C1_BLOOD_TEST_DESC</AbbreviationLocID>
        <DiscomfortLevel>None</DiscomfortLevel>
        <Procedure>
            <StaffSelectionRules>REQUIRED_ROOM_IGNORE_DOCTOR</StaffSelectionRules>
            <RequiredSkillsToPrescribe>
                <SkillRef>SKILL_DOC_QUALIF_GENERAL_MEDICINE</SkillRef>
            </RequiredSkillsToPrescribe>
            <RequiredStatLabQualificationRef>SKILL_LAB_SPECIALIST_QUALIF_SCIENCE_EDUCATION</RequiredStatLabQualificationRef>
            <RequiredEquipmentList>
                <RequiredEquipment>
                    <Tag>stat_lab_exam</Tag>
                    <DurationHours>0.1</DurationHours>
                    <BlocksSpecialist>true</BlocksSpecialist>
                </RequiredEquipment>
                <RequiredEquipment>
                    <Tag>hematoanalyzer</Tag>
                    <DurationHours>0.1</DurationHours>
                    <BlocksSpecialist>false</BlocksSpecialist>
                </RequiredEquipment>
                <RequiredEquipment>
                    <Tag>biohazard_trash</Tag>
                    <DurationHours>0.1</DurationHours>
                    <BlocksSpecialist>true</BlocksSpecialist>
                </RequiredEquipment>
                <RequiredEquipment>
                    <Tag>clean_hands</Tag>
                    <DurationHours>0.1</DurationHours>
                    <BlocksSpecialist>true</BlocksSpecialist>
                </RequiredEquipment>
            </RequiredEquipmentList>

            <RequiredRoomTags>
                <Tag>deprecated_lab</Tag>
                <Tag>hematology_lab</Tag>
            </RequiredRoomTags>
            
            <Priority>50</Priority>
            <FallbackLabDepartmentRef>DPT_LAB</FallbackLabDepartmentRef>
        </Procedure>
        <Cost>50</Cost>
        <IconIndex>1665</IconIndex>
		
		<CustomIconBigAssetRef>ASSET_DIAG_DIA_ICON_001</CustomIconBigAssetRef>
        <CustomIconSmallAssetRef>ASSET_DIAG_DIA_ICON_002</CustomIconSmallAssetRef>
		
        <DurationHours>2</DurationHours>
    </GameDBExamination>
	
	<!-- Porphyria urine panel -->
	<GameDBExamination ID="EXM_OL_PORPHYRIA_URINE_SAMPLE">
		<AbbreviationLocID>EXM_OL_PORPHYRIA_URINE_SAMPLE_DESC</AbbreviationLocID>
		<DiscomfortLevel>Medium</DiscomfortLevel>
		<Procedure>
			<StaffSelectionRules>REQUIRED_ROOM_OR_DEFAULT_ROOM</StaffSelectionRules>
			<RequiredDoctorQualificationList>
				<SkillRef>SKILL_DOC_QUALIF_GENERAL_MEDICINE</SkillRef>
			</RequiredDoctorQualificationList>

			<RequiredEquipmentList>
				<RequiredEquipment>
					<Tag>sit_exam</Tag>
				</RequiredEquipment>
				<RequiredEquipment>
					<Tag>doc_equipment</Tag>
				</RequiredEquipment>
				<RequiredEquipment>
					<Tag>clean_hands</Tag>
				</RequiredEquipment>
			</RequiredEquipmentList>

			<RequiredRoomTags>
				<Tag>emergency_doctors_office</Tag>
				<Tag>observation</Tag>
				<Tag>trauma_center</Tag>
				<Tag>icu</Tag>
				<Tag>diag_office</Tag>
			</RequiredRoomTags>

			<ProcedureScript>ProcedureScriptExaminationUrineAnalysis</ProcedureScript>
			<AnimationSetupSitting>
				<AnimationNameOut>stand_urine_sampling</AnimationNameOut>
			</AnimationSetupSitting>
			<AnimationSetupLying>
				<AnimationNameIn>stand_examination_in</AnimationNameIn>
				<AnimationNameIdle>stand_examination_idle</AnimationNameIdle>
				<AnimationNameOut>stand_examination_out</AnimationNameOut>
			</AnimationSetupLying>
			<DressLevel>FULL</DressLevel>
			<Biohazard>true</Biohazard>
			<Priority>10</Priority>
		</Procedure>
		<Cost>50</Cost>
		<IconIndex>1665</IconIndex>

		<CustomIconBigAssetRef>ASSET_DIAG_DIA_ICON_009</CustomIconBigAssetRef>
		<CustomIconSmallAssetRef>ASSET_DIAG_DIA_ICON_010</CustomIconSmallAssetRef>

		<DurationHours>0</DurationHours>
		<LabTestingExaminationRef>EXM_OL_PORPHYRIA_URINE_TEST</LabTestingExaminationRef>
	</GameDBExamination>

	<GameDBExamination ID="EXM_OL_PORPHYRIA_URINE_TEST">
		<AbbreviationLocID>EXM_OL_PORPHYRIA_URINE_TEST_DESC</AbbreviationLocID>
		<DiscomfortLevel>None</DiscomfortLevel>
		<Procedure>
			<StaffSelectionRules>REQUIRED_ROOM_IGNORE_DOCTOR</StaffSelectionRules>
			<RequiredSkillsToPrescribe>
				<SkillRef>SKILL_DOC_QUALIF_GENERAL_MEDICINE</SkillRef>
			</RequiredSkillsToPrescribe>
			<RequiredStatLabQualificationRef>SKILL_LAB_SPECIALIST_QUALIF_SCIENCE_EDUCATION</RequiredStatLabQualificationRef>
			<RequiredEquipmentList>
				<RequiredEquipment>
					<Tag>stat_lab_exam</Tag>
					<DurationHours>0.1</DurationHours>
					<BlocksSpecialist>true</BlocksSpecialist>
				</RequiredEquipment>
				<RequiredEquipment>
					<Tag>lab_analyzer</Tag>
					<DurationHours>0.1</DurationHours>
					<BlocksSpecialist>false</BlocksSpecialist>
				</RequiredEquipment>
				<RequiredEquipment>
					<Tag>biohazard_trash</Tag>
					<DurationHours>0.1</DurationHours>
					<BlocksSpecialist>true</BlocksSpecialist>
				</RequiredEquipment>
				<RequiredEquipment>
					<Tag>clean_hands</Tag>
					<DurationHours>0.1</DurationHours>
					<BlocksSpecialist>true</BlocksSpecialist>
				</RequiredEquipment>
			</RequiredEquipmentList>

			<RequiredRoomTags>
				<Tag>deprecated_lab</Tag>
				<Tag>histology_lab</Tag>
			</RequiredRoomTags>

			<Priority>50</Priority>
			<FallbackLabDepartmentRef>DPT_LAB</FallbackLabDepartmentRef>
		</Procedure>
		<Cost>50</Cost>
		<IconIndex>1665</IconIndex>

		<CustomIconBigAssetRef>ASSET_DIAG_DIA_ICON_009</CustomIconBigAssetRef>
		<CustomIconSmallAssetRef>ASSET_DIAG_DIA_ICON_010</CustomIconSmallAssetRef>

		<DurationHours>2</DurationHours>
	</GameDBExamination>
	
	<!-- Manometer -->
	<GameDBExamination ID="EXM_OL_MANOMETER">
		<AbbreviationLocID>EXM_OL_MANOMETER_DESC</AbbreviationLocID>
		<DiscomfortLevel>Medium</DiscomfortLevel>
		<Procedure>
			<StaffSelectionRules>REQUIRED_ROOM_OR_DEFAULT_ROOM</StaffSelectionRules>
			<RequiredDoctorQualificationList>
				<SkillRef>SKILL_DOC_QUALIF_GENERAL_MEDICINE</SkillRef>
			</RequiredDoctorQualificationList>

			<RequiredEquipmentList>
				<RequiredEquipment>
					<Tag>sit_exam</Tag>
				</RequiredEquipment>
				<RequiredEquipment>
					<Tag>doc_equipment</Tag>
				</RequiredEquipment>
				<RequiredEquipment>
					<Tag>clean_hands</Tag>
				</RequiredEquipment>
			</RequiredEquipmentList>

			<RequiredRoomTags>
				<Tag>emergency_doctors_office</Tag>
				<Tag>observation</Tag>
				<Tag>trauma_center</Tag>
				<Tag>icu</Tag>
				<Tag>diag_office</Tag>
			</RequiredRoomTags>

			<ProcedureScript>ProcedureScriptExaminationGeneralEquipment</ProcedureScript>
			<AnimationSetupSitting>
				<AnimationNameIn>stand_examination_in</AnimationNameIn>
				<AnimationNameIdle>stand_examination_idle</AnimationNameIdle>
				<AnimationNameOut>stand_examination_out</AnimationNameOut>
			</AnimationSetupSitting>
			<AnimationSetupLying>
				<AnimationNameIn>stand_examination_in</AnimationNameIn>
				<AnimationNameIdle>stand_examination_idle</AnimationNameIdle>
				<AnimationNameOut>stand_examination_out</AnimationNameOut>
			</AnimationSetupLying>
			<DressLevel>FULL</DressLevel>
			<Biohazard>false</Biohazard>
			<Priority>10</Priority>
		</Procedure>
		<Cost>50</Cost>
		<IconIndex>1665</IconIndex>

		<CustomIconBigAssetRef>ASSET_DIAG_EXM_ICON_001</CustomIconBigAssetRef>
		<CustomIconSmallAssetRef>ASSET_DIAG_EXM_ICON_002</CustomIconSmallAssetRef>

		<DurationHours>0</DurationHours>
	</GameDBExamination>
	
	<!-- Esophageal Manometer -->
	<GameDBExamination ID="EXM_OL_ESOPHAGEAL_MANOMETER">
		<AbbreviationLocID>EXM_OL_ESOPHAGEAL_MANOMETER_DESC</AbbreviationLocID>
		<DiscomfortLevel>Medium</DiscomfortLevel>
		<Procedure>
			<StaffSelectionRules>REQUIRED_ROOM_OR_DEFAULT_ROOM</StaffSelectionRules>
			<RequiredDoctorQualificationList>
				<SkillRef>SKILL_DOC_SPEC_DIAG</SkillRef>
			</RequiredDoctorQualificationList>

			<RequiredEquipmentList>
				<RequiredEquipment>
					<Tag>sit_exam</Tag>
				</RequiredEquipment>
				<RequiredEquipment>
					<Tag>doc_equipment</Tag>
				</RequiredEquipment>
				<RequiredEquipment>
					<Tag>clean_hands</Tag>
				</RequiredEquipment>
			</RequiredEquipmentList>

			<RequiredRoomTags>
				<Tag>emergency_doctors_office</Tag>
				<Tag>observation</Tag>
				<Tag>trauma_center</Tag>
				<Tag>icu</Tag>
				<Tag>diag_office</Tag>
			</RequiredRoomTags>

			<ProcedureScript>ProcedureScriptExaminationGeneralEquipment</ProcedureScript>
			<AnimationSetupSitting>
				<AnimationNameIn>stand_laryngoscopy_in</AnimationNameIn>
				<AnimationNameIdle>stand_laryngoscopy_idle</AnimationNameIdle>
				<AnimationNameOut>stand_laryngoscopy_out</AnimationNameOut>
			</AnimationSetupSitting>
			<AnimationSetupLying>
				<AnimationNameIn>stand_examination_in</AnimationNameIn>
				<AnimationNameIdle>stand_examination_idle</AnimationNameIdle>
				<AnimationNameOut>stand_examination_out</AnimationNameOut>
			</AnimationSetupLying>
			<DressLevel>FULL</DressLevel>
			<Biohazard>true</Biohazard>
			<Priority>10</Priority>
		</Procedure>
		<Cost>50</Cost>
		<IconIndex>1665</IconIndex>

		<CustomIconBigAssetRef>ASSET_DIAG_EXM_ICON_001</CustomIconBigAssetRef>
		<CustomIconSmallAssetRef>ASSET_DIAG_EXM_ICON_002</CustomIconSmallAssetRef>

		<DurationHours>0</DurationHours>
	</GameDBExamination>
	
	<!-- Modification to basegame CSF analysis-->
	<GameDBExamination ID="EXM_SPINAL_FLUID_ANALYSIS_SAMPLING">
		<AbbreviationLocID>EXM_SPINAL_FLUID_ANALYSIS_SAMPLING_DESCRIPTION_1_2</AbbreviationLocID>
		<DiscomfortLevel>Medium</DiscomfortLevel>
		<Procedure>
			<StaffSelectionRules>REQUIRED_ROOM_OR_DEFAULT_ROOM</StaffSelectionRules>
			<RequiredDoctorQualificationList>
				<SkillRef>SKILL_DOC_SPEC_NEUROLOGY</SkillRef>
				<SkillRef>SKILL_DOC_SPEC_EPIDEMIOLOGY</SkillRef>
				<SkillRef>SKILL_DOC_SPEC_DIAG</SkillRef>
				<SkillRef>SKILL_DOC_SPEC_CRITICAL_CARE</SkillRef>
				<SkillRef>SKILL_DOC_SPEC_ACUTE_MEDICINE</SkillRef>
			</RequiredDoctorQualificationList>
			<RequiredEquipmentList>
				<RequiredEquipment>
					<Tag>sit_exam</Tag>
				</RequiredEquipment>
				<RequiredEquipment>
					<Tag>doc_equipment</Tag>
				</RequiredEquipment>
				<RequiredEquipment>
					<Tag>clean_hands</Tag>
				</RequiredEquipment>
			</RequiredEquipmentList>
			<!-- RequiredRoomTypeList>
                <RequiredRoomTypeRef>ROOM_TYPE_NEUROLOGY_OFFICE</RequiredRoomTypeRef>
                <RequiredRoomTypeRef>ROOM_TYPE_INPATIENT_NEUROLOGY_OFFICE</RequiredRoomTypeRef>
            </RequiredRoomTypeList -->
			<RequiredRoomTags>
				<Tag>neurology_office</Tag>
				<Tag>infectious_diseases_office</Tag>
				<Tag>diag_office</Tag>
				<Tag>trauma_center</Tag>
				<Tag>icu</Tag>
			</RequiredRoomTags>
			<ProcedureScript>ProcedureScriptExaminationGeneralEquipment</ProcedureScript>
			<AnimationSetupSitting>
				<AnimationNameIn>stand_blood_sampling_in</AnimationNameIn>
				<!-- TODO MAKE NEW ANIMATION -->
				<AnimationNameIdle>stand_blood_sampling_idle</AnimationNameIdle>
				<AnimationNameOut>stand_blood_sampling_out</AnimationNameOut>
			</AnimationSetupSitting>
			<DressLevel>HALF</DressLevel>
			<Biohazard>true</Biohazard>
			<Priority>20</Priority>
		</Procedure>
		<Cost>50</Cost>
		<IconIndex>1711</IconIndex>
		<DurationHours>0</DurationHours>
		<LabTestingExaminationRef>EXM_SPINAL_FLUID_ANALYSIS_TESTING</LabTestingExaminationRef>
	</GameDBExamination>

	<!-- Modification to basegame ECHO-->
	<GameDBExamination ID="EXM_ECHO">
		<AbbreviationLocID>EXM_ECHO_DESCRIPTION</AbbreviationLocID>
		<DiscomfortLevel>Low</DiscomfortLevel>
		<Procedure>
			<StaffSelectionRules>REQUIRED_ROOM_IGNORE_DOCTOR</StaffSelectionRules>
			<RequiredSkillsToPrescribe>
				<SkillRef>SKILL_DOC_SPEC_GENERAL_SURGERY</SkillRef>
				<SkillRef>SKILL_DOC_SPEC_INTERNAL_MEDICINE</SkillRef>
				<SkillRef>SKILL_DOC_SPEC_CARDIOLOGY</SkillRef>
				<SkillRef>SKILL_DOC_SPEC_DIAG</SkillRef>
			</RequiredSkillsToPrescribe>
			<RequiredStatLabQualificationRef>SKILL_LAB_SPECIALIST_SPEC_CARDIOLOGY</RequiredStatLabQualificationRef>
			<RequiredEquipmentList>
				<RequiredEquipment>
					<Tag>sit_exam</Tag>
				</RequiredEquipment>
				<RequiredEquipment>
					<Tag>ultrasonograph</Tag>
				</RequiredEquipment>
			</RequiredEquipmentList>
			<!-- RequiredRoomTypeList>
                <RequiredRoomTypeRef>ROOM_TYPE_CARDIOVASCULAR_DIAGNOSTIC_UNIT_CAR</RequiredRoomTypeRef>
                <RequiredRoomTypeRef>ROOM_TYPE_CARDIOVASCULAR_DIAGNOSTIC_UNIT_GS</RequiredRoomTypeRef>
                <RequiredRoomTypeRef>ROOM_TYPE_CARDIOVASCULAR_DIAGNOSTIC_UNIT_IM</RequiredRoomTypeRef>
            </RequiredRoomTypeList -->
			<RequiredRoomTags>
				<Tag>cardio_unit_car</Tag>
				<Tag>cardio_unit_gs</Tag>
				<Tag>cardio_unit_im</Tag>
				<Tag>cardio_unit</Tag>
				<!-- because of cardio unit oat radiology -->
			</RequiredRoomTags>
			<ProcedureScript>ProcedureScriptExaminationGeneralEquipment</ProcedureScript>
			<AnimationSetupLying>
				<AnimationNameIn>stand_examination_in</AnimationNameIn>
				<AnimationNameIdle>stand_examination_idle</AnimationNameIdle>
				<AnimationNameOut>stand_examination_out</AnimationNameOut>
			</AnimationSetupLying>
			<DressLevel>HALF</DressLevel>
			<Biohazard>false</Biohazard>
			<Priority>25</Priority>
			<FallbackLabDepartmentRef>DPT_RADIOLOGY</FallbackLabDepartmentRef>
		</Procedure>
		<ExaminationType>EXAMINATION</ExaminationType>
		<Cost>50</Cost>
		<IconIndex>1697</IconIndex>
		<DurationHours>0</DurationHours>
		<AlternativeExaminationRef>EXM_CC_ECHO</AlternativeExaminationRef>
		<CancelWhenTransportedToICUOrTrauma>true</CancelWhenTransportedToICUOrTrauma>
	</GameDBExamination>

	<!-- Laryngoscopy -->
	<GameDBExamination ID="EXM_LARYNGOSCOPY">
		<AbbreviationLocID>EXM_LARYNGOSCOPY_DESCRIPTION_V1</AbbreviationLocID>
		<DiscomfortLevel>Medium</DiscomfortLevel>
		<Procedure>
			<StaffSelectionRules>REQUIRED_ROOM_OR_DEFAULT_ROOM</StaffSelectionRules>
			<RequiredDoctorQualificationList>
				<SkillRef>SKILL_DOC_SPEC_ACUTE_MEDICINE</SkillRef>
				<SkillRef>SKILL_DOC_SPEC_CRITICAL_CARE</SkillRef>
				<SkillRef>SKILL_DOC_SPEC_DIAG</SkillRef>
			</RequiredDoctorQualificationList>
			<RequiredEquipmentList>
				<RequiredEquipment>
					<Tag>sit_exam</Tag>
				</RequiredEquipment>
				<RequiredEquipment>
					<Tag>doc_equipment</Tag>
				</RequiredEquipment>
				<RequiredEquipment>
					<Tag>clean_hands</Tag>
				</RequiredEquipment>
			</RequiredEquipmentList>
			<!-- RequiredRoomTypeList>
                <RequiredRoomTypeRef>ROOM_TYPE_DOCTORS_OFFICE</RequiredRoomTypeRef>
                <RequiredRoomTypeRef>ROOM_TYPE_ER_OBSERVATION_ROOM</RequiredRoomTypeRef>
                <RequiredRoomTypeRef>ROOM_TYPE_INTENSIVE_CARE_UNIT</RequiredRoomTypeRef>
                <RequiredRoomTypeRef>ROOM_TYPE_TRAUMA_CENTER</RequiredRoomTypeRef>
            </RequiredRoomTypeList -->
			<RequiredRoomTags>
				<Tag>emergency_doctors_office</Tag>
				<Tag>observation</Tag>
				<Tag>icu</Tag>
				<Tag>trauma_center</Tag>
				<Tag>diag_office</Tag>
			</RequiredRoomTags>
			<ProcedureScript>ProcedureScriptExaminationGeneralEquipment</ProcedureScript>
			<AnimationSetupSitting>
				<AnimationNameIn>stand_laryngoscopy_in</AnimationNameIn>
				<AnimationNameIdle>stand_laryngoscopy_idle</AnimationNameIdle>
				<AnimationNameOut>stand_laryngoscopy_out</AnimationNameOut>
			</AnimationSetupSitting>
			<AnimationSetupLying>
				<AnimationNameIn>stand_examination_in</AnimationNameIn>
				<AnimationNameIdle>stand_examination_idle</AnimationNameIdle>
				<AnimationNameOut>stand_examination_out</AnimationNameOut>
			</AnimationSetupLying>
			<DressLevel>FULL</DressLevel>
			<Biohazard>false</Biohazard>
			<Priority>40</Priority>
		</Procedure>
		<Cost>50</Cost>
		<IconIndex>1667</IconIndex>
		<DurationHours>0</DurationHours>
	</GameDBExamination>

	<!-- Ophthalmoscopy -->
	<GameDBExamination ID="EXM_OPHTHALMOSCOPY">
		<AbbreviationLocID>EXM_OPHTHALMOSCOPY_DESCRIPTION_V1</AbbreviationLocID>
		<DiscomfortLevel>None</DiscomfortLevel>
		<Procedure>
			<StaffSelectionRules>REQUIRED_ROOM_OR_DEFAULT_ROOM</StaffSelectionRules>
			<RequiredDoctorQualificationList>
				<SkillRef>SKILL_DOC_SPEC_ACUTE_MEDICINE</SkillRef>
				<SkillRef>SKILL_DOC_SPEC_INTERNAL_MEDICINE</SkillRef>
				<SkillRef>SKILL_DOC_SPEC_NEUROLOGY</SkillRef>
				<SkillRef>SKILL_DOC_SPEC_CRITICAL_CARE</SkillRef>
				<SkillRef>SKILL_DOC_SPEC_DIAG</SkillRef>
			</RequiredDoctorQualificationList>
			<RequiredEquipmentList>
				<RequiredEquipment>
					<Tag>sit_exam</Tag>
				</RequiredEquipment>
				<RequiredEquipment>
					<Tag>doc_equipment</Tag>
				</RequiredEquipment>
			</RequiredEquipmentList>
			<!-- RequiredRoomTypeList>
                <RequiredRoomTypeRef>ROOM_TYPE_DOCTORS_OFFICE</RequiredRoomTypeRef>
                <RequiredRoomTypeRef>ROOM_TYPE_ER_OBSERVATION_ROOM</RequiredRoomTypeRef>
                <RequiredRoomTypeRef>ROOM_TYPE_TRAUMA_CENTER</RequiredRoomTypeRef>
                <RequiredRoomTypeRef>ROOM_TYPE_INTENSIVE_CARE_UNIT</RequiredRoomTypeRef>
                <RequiredRoomTypeRef>ROOM_TYPE_INTERNAL_MEDICINE_OFFICE</RequiredRoomTypeRef>
                <RequiredRoomTypeRef>ROOM_TYPE_INPATIENT_IM_OFFICE</RequiredRoomTypeRef>
                <RequiredRoomTypeRef>ROOM_TYPE_NEUROLOGY_OFFICE</RequiredRoomTypeRef>
                <RequiredRoomTypeRef>ROOM_TYPE_INPATIENT_NEUROLOGY_OFFICE</RequiredRoomTypeRef>
            </RequiredRoomTypeList -->
			<RequiredRoomTags>
				<Tag>emergency_doctors_office</Tag>
				<Tag>observation</Tag>
				<Tag>trauma_center</Tag>
				<Tag>icu</Tag>
				<Tag>internal_medicine_office</Tag>
				<Tag>neurology_office</Tag>
				<Tag>diag_office</Tag>
			</RequiredRoomTags>
			<ProcedureScript>ProcedureScriptExaminationGeneralEquipment</ProcedureScript>
			<AnimationSetupSitting>
				<AnimationNameIn>stand_look_in</AnimationNameIn>
				<!-- todo make new animation -->
				<AnimationNameIdle>stand_look_idle</AnimationNameIdle>
				<AnimationNameOut>stand_look_out</AnimationNameOut>
			</AnimationSetupSitting>
			<AnimationSetupLying>
				<AnimationNameIn>stand_examination_in</AnimationNameIn>
				<AnimationNameIdle>stand_examination_idle</AnimationNameIdle>
				<AnimationNameOut>stand_examination_out</AnimationNameOut>
			</AnimationSetupLying>
			<DressLevel>FULL</DressLevel>
			<Biohazard>false</Biohazard>
			<Priority>30</Priority>
		</Procedure>
		<ExaminationType>EXAMINATION</ExaminationType>
		<Cost>50</Cost>
		<IconIndex>1687</IconIndex>
		<DurationHours>0</DurationHours>
	</GameDBExamination>

	<!-- Gastroscopy -->
	<GameDBExamination ID="EXM_GASTROSCOPY">
		<AbbreviationLocID>EXM_GASTROSCOPY_DESCRIPTION_V1</AbbreviationLocID>
		<DiscomfortLevel>High</DiscomfortLevel>
		<Procedure>
			<StaffSelectionRules>REQUIRED_ROOM_OR_DEFAULT_ROOM</StaffSelectionRules>
			<RequiredDoctorQualificationList>
				<SkillRef>SKILL_DOC_SPEC_GENERAL_SURGERY</SkillRef>
				<SkillRef>SKILL_DOC_SPEC_INTERNAL_MEDICINE</SkillRef>
				<SkillRef>SKILL_DOC_SPEC_CARDIOLOGY</SkillRef>
				<SkillRef>SKILL_DOC_SPEC_CRITICAL_CARE</SkillRef>
				<SkillRef>SKILL_DOC_SPEC_DIAG</SkillRef>
			</RequiredDoctorQualificationList>
			<RequiredEquipmentList>
				<RequiredEquipment>
					<Tag>sit_exam</Tag>
				</RequiredEquipment>
				<RequiredEquipment>
					<Tag>doc_equipment</Tag>
				</RequiredEquipment>
				<RequiredEquipment>
					<Tag>clean_hands</Tag>
				</RequiredEquipment>
			</RequiredEquipmentList>
			<!-- RequiredRoomTypeList>
                <RequiredRoomTypeRef>ROOM_TYPE_INPATIENT_GS_OFFICE</RequiredRoomTypeRef>
                <RequiredRoomTypeRef>ROOM_TYPE_INPATIENT_IM_OFFICE</RequiredRoomTypeRef>
                <RequiredRoomTypeRef>ROOM_TYPE_INPATIENT_CARDIOLOGY_OFFICE</RequiredRoomTypeRef>
                <RequiredRoomTypeRef>ROOM_TYPE_GENERAL_SURGERY_OFFICE</RequiredRoomTypeRef>
                <RequiredRoomTypeRef>ROOM_TYPE_INTERNAL_MEDICINE_OFFICE</RequiredRoomTypeRef>
                <RequiredRoomTypeRef>ROOM_TYPE_CARDIOLOGY_OFFICE</RequiredRoomTypeRef>
            </RequiredRoomTypeList -->
			<RequiredRoomTags>
				<Tag>general_surgery_office</Tag>
				<Tag>internal_medicine_office</Tag>
				<Tag>cardiology_office</Tag>
				<Tag>icu</Tag>
				<Tag>diag_office</Tag>
			</RequiredRoomTags>
			<ProcedureScript>ProcedureScriptExaminationGeneralEquipment</ProcedureScript>
			<AnimationSetupSitting>
				<AnimationNameIn>stand_examination_in</AnimationNameIn>
				<AnimationNameIdle>stand_examination_idle</AnimationNameIdle>
				<AnimationNameOut>stand_examination_out</AnimationNameOut>
			</AnimationSetupSitting>
			<AnimationSetupLying>
				<AnimationNameIn>stand_examination_in</AnimationNameIn>
				<AnimationNameIdle>stand_examination_idle</AnimationNameIdle>
				<AnimationNameOut>stand_examination_out</AnimationNameOut>
			</AnimationSetupLying>
			<DressLevel>HALF</DressLevel>
			<Biohazard>true</Biohazard>
			<Priority>39</Priority>
		</Procedure>
		<ExaminationType>EXAMINATION</ExaminationType>
		<Cost>50</Cost>
		<IconIndex>1707</IconIndex>
		<DurationHours>0</DurationHours>
	</GameDBExamination>

	<!-- Audiometry -->
	<GameDBExamination ID="EXM_AUDIOMETRY">
		<AbbreviationLocID>EXM_AUDIOMETRY_DESCRIPTION_V1</AbbreviationLocID>
		<DiscomfortLevel>Low</DiscomfortLevel>
		<Procedure>
			<StaffSelectionRules>REQUIRED_ROOM_OR_DEFAULT_ROOM</StaffSelectionRules>
			<RequiredDoctorQualificationList>
				<SkillRef>SKILL_DOC_SPEC_GENERAL_SURGERY</SkillRef>
				<SkillRef>SKILL_DOC_SPEC_INTERNAL_MEDICINE</SkillRef>
				<SkillRef>SKILL_DOC_SPEC_ACUTE_MEDICINE</SkillRef>
				<SkillRef>SKILL_DOC_SPEC_CRITICAL_CARE</SkillRef>
				<SkillRef>SKILL_DOC_SPEC_DIAG</SkillRef>
			</RequiredDoctorQualificationList>
			<RequiredEquipmentList>
				<RequiredEquipment>
					<Tag>sit_exam</Tag>
				</RequiredEquipment>
				<RequiredEquipment>
					<Tag>audiometer</Tag>
				</RequiredEquipment>
			</RequiredEquipmentList>
			<!-- RequiredRoomTypeList>
                <RequiredRoomTypeRef>ROOM_TYPE_DOCTORS_OFFICE</RequiredRoomTypeRef>
                <RequiredRoomTypeRef>ROOM_TYPE_INPATIENT_GS_OFFICE</RequiredRoomTypeRef>
                <RequiredRoomTypeRef>ROOM_TYPE_INPATIENT_IM_OFFICE</RequiredRoomTypeRef>
                <RequiredRoomTypeRef>ROOM_TYPE_GENERAL_SURGERY_OFFICE</RequiredRoomTypeRef>
                <RequiredRoomTypeRef>ROOM_TYPE_INTERNAL_MEDICINE_OFFICE</RequiredRoomTypeRef>
                <RequiredRoomTypeRef>ROOM_TYPE_ER_OBSERVATION_ROOM</RequiredRoomTypeRef>
                <RequiredRoomTypeRef>ROOM_TYPE_INTENSIVE_CARE_UNIT</RequiredRoomTypeRef>
            </RequiredRoomTypeList -->
			<RequiredRoomTags>
				<Tag>emergency_doctors_office</Tag>
				<Tag>general_surgery_office</Tag>
				<Tag>internal_medicine_office</Tag>
				<Tag>observation</Tag>
				<Tag>icu</Tag>
				<Tag>diag_office</Tag>
			</RequiredRoomTags>
			<ProcedureScript>ProcedureScriptExaminationGeneralEquipment</ProcedureScript>
			<AnimationSetupLying>
				<AnimationNameIn>stand_examination_in</AnimationNameIn>
				<AnimationNameIdle>stand_examination_idle</AnimationNameIdle>
				<AnimationNameOut>stand_examination_out</AnimationNameOut>
			</AnimationSetupLying>
			<AnimationSetupSitting>
				<AnimationNameIn>stand_examination_in</AnimationNameIn>
				<!-- TODO anim - patient with headphones? -->
				<AnimationNameIdle>stand_examination_idle</AnimationNameIdle>
				<AnimationNameOut>stand_examination_out</AnimationNameOut>
			</AnimationSetupSitting>
			<DressLevel>FULL</DressLevel>
			<Biohazard>false</Biohazard>
			<Priority>39</Priority>
		</Procedure>
		<ExaminationType>EXAMINATION</ExaminationType>
		<PatientNeedsToBeAbleToTalk>true</PatientNeedsToBeAbleToTalk>
		<Cost>50</Cost>
		<IconIndex>1701</IconIndex>
		<DurationHours>0</DurationHours>
	</GameDBExamination>
	
</Database>