﻿<Database>
	<!-- Department of Diagnostics Mod by Ollyver -->
	<!-- TRT_HOSPITALIZATION_NORMAL -->
	<!-- TRT_HOSPITALIZATION_HIGH_PRIORITY -->
	
	<!-- Distal Pancreatectomy -->
	<GameDBTreatment ID="SUR_OL_DISTAL_PANCREATECTOMY">
        <AbbreviationLocID>SUR_OL_DISTAL_PANCREATECTOMY_DESC</AbbreviationLocID>
        <DiscomfortLevel>Medium</DiscomfortLevel>
        <Procedure>
            <StaffSelectionRules>DEFAULT_ROOMS</StaffSelectionRules>
            <RequiredSkillsToPrescribe>
                <SkillRef>SKILL_DOC_SPEC_DIAG</SkillRef>
            </RequiredSkillsToPrescribe>
 
            <RequiredDoctorQualificationList>
                <SkillRef>SKILL_DOC_SPEC_DIAG_SURGERY</SkillRef>
                <SkillRef>SKILL_DOC_SPEC_ANESTHESIOLOGY</SkillRef>

                <!-- needs to be last so the anesthesiologist doesn't get selected as assistant-->
                <SkillRef>SKILL_DOC_SPEC_DIAG</SkillRef>
            </RequiredDoctorQualificationList>

            <RequiredDoctorRoles>
                <RoleRef>EMPL_ROLE_SURGERY</RoleRef>
                <RoleRef>EMPL_ROLE_SURGERY_ANESTHESIOLOGY</RoleRef>
                <RoleRef>EMPL_ROLE_SURGERY_ASSIST</RoleRef>
            </RequiredDoctorRoles>
			
			<FallbackDoctorDepartments>
                <DepartmentRef>DPT_DEFAULT</DepartmentRef>
                <DepartmentRef>DPT_ICU</DepartmentRef>
                <DepartmentRef>DPT_DEFAULT</DepartmentRef>
            </FallbackDoctorDepartments>

            <RequiredNurseQualificationList>
                <SkillRef>SKILL_NURSE_SPEC_MEDICAL_SURGERY</SkillRef>
                <SkillRef>SKILL_NURSE_SPEC_MEDICAL_SURGERY</SkillRef>
            </RequiredNurseQualificationList>

            <RequiredNurseRoles>
                <RoleRef>EMPL_ROLE_SURGERY_NURSE</RoleRef>
                <RoleRef>EMPL_ROLE_SURGERY_NURSE</RoleRef>
            </RequiredNurseRoles>

            <RequiredRoomTags>
                <Tag>operating_room</Tag>
            </RequiredRoomTags>

            <BedPositionsStaff>
                <MainSurgeonPosition>BODY_LEFT</MainSurgeonPosition>
                <SurgeonAsistantPosition>BODY_RIGHT</SurgeonAsistantPosition>
                <AnesthesiologistPosition>NONE</AnesthesiologistPosition>
                <SurgeryNursePosition>FEET_LEFT</SurgeryNursePosition>
                <AssistantNursePosition>FEET_RIGHT</AssistantNursePosition>
            </BedPositionsStaff>

            <Complications>
               
                <Complication>
                    <SymptomRef>SYM_WOUND_INFECTION</SymptomRef>
                    <ProbabilityPercent>12</ProbabilityPercent>
                    <ProbabilityPercentMaxSkillLevel>2</ProbabilityPercentMaxSkillLevel>
                </Complication>
				<Complication>
                    <SymptomRef>SYM_BLEEDING_FROM_THE_WOUND</SymptomRef>
                    <ProbabilityPercent>16</ProbabilityPercent>
                    <ProbabilityPercentMaxSkillLevel>3</ProbabilityPercentMaxSkillLevel>
                </Complication>
				<Complication>
                    <SymptomRef>SYM_CRP_ANAPHYLACTIC_SHOCK</SymptomRef>
                    <ProbabilityPercent>1</ProbabilityPercent>
                    <ProbabilityPercentMaxSkillLevel>1</ProbabilityPercentMaxSkillLevel>
                </Complication>
				<Complication>
                    <SymptomRef>SYM_CRP_MILD_AR</SymptomRef>
                    <ProbabilityPercent>5</ProbabilityPercent>
                    <ProbabilityPercentMaxSkillLevel>2</ProbabilityPercentMaxSkillLevel>
                </Complication>

         
				<Complication>
                    <SymptomRef>SYM_CRP_POSTOP_PAIN</SymptomRef>
                    <ProbabilityPercent>20</ProbabilityPercent>
                    <ProbabilityPercentMaxSkillLevel>5</ProbabilityPercentMaxSkillLevel>
                </Complication>
	
            </Complications>

            <RequiredEquipmentList>
                <RequiredEquipment>
                    <Tag>operating_table_head</Tag><!--0-->
                </RequiredEquipment>
                <RequiredEquipment>
                    <Tag>operating_table_legs</Tag><!--1-->
                </RequiredEquipment>
                <RequiredEquipment>
                    <Tag>scrubbing_sink</Tag><!--2-->
                </RequiredEquipment>
                <RequiredEquipment>
                    <Tag>scrubbing_sink</Tag><!--3-->
                </RequiredEquipment>
                <RequiredEquipment>
                    <Tag>scrubbing_sink</Tag><!--4-->
                </RequiredEquipment>
                <RequiredEquipment>
                    <Tag>scrubs_shelf</Tag><!--5-->
                </RequiredEquipment>
                <RequiredEquipment>
                    <Tag>scrubs_shelf</Tag><!--6-->
                </RequiredEquipment>
                <RequiredEquipment>
                    <Tag>scrubs_shelf</Tag><!--7-->
                </RequiredEquipment>
                <RequiredEquipment>
                    <Tag>warming_cabinet</Tag><!--8-->
                </RequiredEquipment>
                <RequiredEquipment>
                    <Tag>doc_equipment</Tag><!--9-->
                </RequiredEquipment>
                <RequiredEquipment>
                    <Tag>surgery_instruments</Tag><!--10-->
                </RequiredEquipment>
                <RequiredEquipment>
                    <Tag>electrocautery_machine</Tag><!--11-->
                </RequiredEquipment>
                <RequiredEquipment>
                    <Tag>stool</Tag><!--12-->
                </RequiredEquipment>
                <RequiredEquipment>
                    <Tag>anesthetic_machine</Tag><!--13-->
                </RequiredEquipment>
                <RequiredEquipment>
                    <Tag>defibrillator</Tag><!--14-->
                </RequiredEquipment>
                <RequiredEquipment>
                    <Tag>succion_machine</Tag><!--15-->
                </RequiredEquipment>
            </RequiredEquipmentList>

            <ProcedureScript>ProcedureScriptTreatmentSurgery</ProcedureScript>
            <SpeechBubbleRef>BUBBLE_PLACEHOLDER</SpeechBubbleRef>
            <EquipmentFromAnyDepartment>true</EquipmentFromAnyDepartment>
        </Procedure>
        <TreatmentType>SURGERY</TreatmentType>
        <Cost>100</Cost>
        <IconIndex>1945</IconIndex>
        <HospitalizationTreatmentRef>TRT_HOSPITALIZATION_HIGH_PRIORITY</HospitalizationTreatmentRef>
		
		<CustomIconBigAssetRef>ASSET_DIAG_SUR_ICON_001</CustomIconBigAssetRef>
        <CustomIconSmallAssetRef>ASSET_DIAG_SUR_ICON_002</CustomIconSmallAssetRef>

    </GameDBTreatment>

	<!-- Fasciotomy -->
	<GameDBTreatment ID="SUR_OL_FASCIOTOMY">
		<AbbreviationLocID>SUR_OL_FASCIOTOMY_DESC</AbbreviationLocID>
		<DiscomfortLevel>Medium</DiscomfortLevel>
		<Procedure>
			<StaffSelectionRules>DEFAULT_ROOMS</StaffSelectionRules>
			<RequiredSkillsToPrescribe>
				<SkillRef>SKILL_DOC_SPEC_DIAG</SkillRef>
			</RequiredSkillsToPrescribe>

			<RequiredDoctorQualificationList>
				<SkillRef>SKILL_DOC_SPEC_DIAG_SURGERY</SkillRef>
				<SkillRef>SKILL_DOC_SPEC_ANESTHESIOLOGY</SkillRef>

				<!-- needs to be last so the anesthesiologist doesn't get selected as assistant-->
				<SkillRef>SKILL_DOC_SPEC_DIAG</SkillRef>
			</RequiredDoctorQualificationList>

			<RequiredDoctorRoles>
				<RoleRef>EMPL_ROLE_SURGERY</RoleRef>
				<RoleRef>EMPL_ROLE_SURGERY_ANESTHESIOLOGY</RoleRef>
				<RoleRef>EMPL_ROLE_SURGERY_ASSIST</RoleRef>
			</RequiredDoctorRoles>

			<FallbackDoctorDepartments>
				<DepartmentRef>DPT_DEFAULT</DepartmentRef>
				<DepartmentRef>DPT_ICU</DepartmentRef>
				<DepartmentRef>DPT_DEFAULT</DepartmentRef>
			</FallbackDoctorDepartments>

			<RequiredNurseQualificationList>
				<SkillRef>SKILL_NURSE_SPEC_MEDICAL_SURGERY</SkillRef>
				<SkillRef>SKILL_NURSE_SPEC_MEDICAL_SURGERY</SkillRef>
			</RequiredNurseQualificationList>

			<RequiredNurseRoles>
				<RoleRef>EMPL_ROLE_SURGERY_NURSE</RoleRef>
				<RoleRef>EMPL_ROLE_SURGERY_NURSE</RoleRef>
			</RequiredNurseRoles>

			<RequiredRoomTags>
				<Tag>operating_room</Tag>
			</RequiredRoomTags>

			<BedPositionsStaff>
				<MainSurgeonPosition>BODY_LEFT</MainSurgeonPosition>
				<SurgeonAsistantPosition>BODY_RIGHT</SurgeonAsistantPosition>
				<AnesthesiologistPosition>NONE</AnesthesiologistPosition>
				<SurgeryNursePosition>FEET_LEFT</SurgeryNursePosition>
				<AssistantNursePosition>FEET_RIGHT</AssistantNursePosition>
			</BedPositionsStaff>

			<Complications>

				<Complication>
					<SymptomRef>SYM_WOUND_INFECTION</SymptomRef>
					<ProbabilityPercent>12</ProbabilityPercent>
					<ProbabilityPercentMaxSkillLevel>2</ProbabilityPercentMaxSkillLevel>
				</Complication>
				<Complication>
					<SymptomRef>SYM_BLEEDING_FROM_THE_WOUND</SymptomRef>
					<ProbabilityPercent>16</ProbabilityPercent>
					<ProbabilityPercentMaxSkillLevel>3</ProbabilityPercentMaxSkillLevel>
				</Complication>
				<Complication>
					<SymptomRef>SYM_CRP_ANAPHYLACTIC_SHOCK</SymptomRef>
					<ProbabilityPercent>1</ProbabilityPercent>
					<ProbabilityPercentMaxSkillLevel>1</ProbabilityPercentMaxSkillLevel>
				</Complication>
				<Complication>
					<SymptomRef>SYM_CRP_MILD_AR</SymptomRef>
					<ProbabilityPercent>5</ProbabilityPercent>
					<ProbabilityPercentMaxSkillLevel>2</ProbabilityPercentMaxSkillLevel>
				</Complication>


				<Complication>
					<SymptomRef>SYM_CRP_POSTOP_PAIN</SymptomRef>
					<ProbabilityPercent>20</ProbabilityPercent>
					<ProbabilityPercentMaxSkillLevel>5</ProbabilityPercentMaxSkillLevel>
				</Complication>

			</Complications>

			<RequiredEquipmentList>
				<RequiredEquipment>
					<Tag>operating_table_head</Tag>
					<!--0-->
				</RequiredEquipment>
				<RequiredEquipment>
					<Tag>operating_table_legs</Tag>
					<!--1-->
				</RequiredEquipment>
				<RequiredEquipment>
					<Tag>scrubbing_sink</Tag>
					<!--2-->
				</RequiredEquipment>
				<RequiredEquipment>
					<Tag>scrubbing_sink</Tag>
					<!--3-->
				</RequiredEquipment>
				<RequiredEquipment>
					<Tag>scrubbing_sink</Tag>
					<!--4-->
				</RequiredEquipment>
				<RequiredEquipment>
					<Tag>scrubs_shelf</Tag>
					<!--5-->
				</RequiredEquipment>
				<RequiredEquipment>
					<Tag>scrubs_shelf</Tag>
					<!--6-->
				</RequiredEquipment>
				<RequiredEquipment>
					<Tag>scrubs_shelf</Tag>
					<!--7-->
				</RequiredEquipment>
				<RequiredEquipment>
					<Tag>warming_cabinet</Tag>
					<!--8-->
				</RequiredEquipment>
				<RequiredEquipment>
					<Tag>doc_equipment</Tag>
					<!--9-->
				</RequiredEquipment>
				<RequiredEquipment>
					<Tag>surgery_instruments</Tag>
					<!--10-->
				</RequiredEquipment>
				<RequiredEquipment>
					<Tag>electrocautery_machine</Tag>
					<!--11-->
				</RequiredEquipment>
				<RequiredEquipment>
					<Tag>stool</Tag>
					<!--12-->
				</RequiredEquipment>
				<RequiredEquipment>
					<Tag>anesthetic_machine</Tag>
					<!--13-->
				</RequiredEquipment>
				<RequiredEquipment>
					<Tag>defibrillator</Tag>
					<!--14-->
				</RequiredEquipment>
				<RequiredEquipment>
					<Tag>succion_machine</Tag>
					<!--15-->
				</RequiredEquipment>
			</RequiredEquipmentList>

			<ProcedureScript>ProcedureScriptTreatmentSurgery</ProcedureScript>
			<SpeechBubbleRef>BUBBLE_PLACEHOLDER</SpeechBubbleRef>
			<EquipmentFromAnyDepartment>true</EquipmentFromAnyDepartment>
		</Procedure>
		<TreatmentType>SURGERY</TreatmentType>
		<Cost>100</Cost>
		<IconIndex>1945</IconIndex>
		<HospitalizationTreatmentRef>TRT_HOSPITALIZATION_HIGH_PRIORITY</HospitalizationTreatmentRef>

		<CustomIconBigAssetRef>ASSET_DIAG_SUR_ICON_003</CustomIconBigAssetRef>
		<CustomIconSmallAssetRef>ASSET_DIAG_SUR_ICON_004</CustomIconSmallAssetRef>

	</GameDBTreatment>

	<!-- Gastrectomy -->
	<GameDBTreatment ID="SUR_OL_GASTRECTOMY">
		<AbbreviationLocID>SUR_OL_GASTRECTOMY_DESC</AbbreviationLocID>
		<DiscomfortLevel>Medium</DiscomfortLevel>
		<Procedure>
			<StaffSelectionRules>DEFAULT_ROOMS</StaffSelectionRules>
			<RequiredSkillsToPrescribe>
				<SkillRef>SKILL_DOC_SPEC_DIAG</SkillRef>
			</RequiredSkillsToPrescribe>

			<RequiredDoctorQualificationList>
				<SkillRef>SKILL_DOC_SPEC_DIAG_SURGERY</SkillRef>
				<SkillRef>SKILL_DOC_SPEC_ANESTHESIOLOGY</SkillRef>

				<!-- needs to be last so the anesthesiologist doesn't get selected as assistant-->
				<SkillRef>SKILL_DOC_SPEC_DIAG</SkillRef>
			</RequiredDoctorQualificationList>

			<RequiredDoctorRoles>
				<RoleRef>EMPL_ROLE_SURGERY</RoleRef>
				<RoleRef>EMPL_ROLE_SURGERY_ANESTHESIOLOGY</RoleRef>
				<RoleRef>EMPL_ROLE_SURGERY_ASSIST</RoleRef>
			</RequiredDoctorRoles>

			<FallbackDoctorDepartments>
				<DepartmentRef>DPT_DEFAULT</DepartmentRef>
				<DepartmentRef>DPT_ICU</DepartmentRef>
				<DepartmentRef>DPT_DEFAULT</DepartmentRef>
			</FallbackDoctorDepartments>

			<RequiredNurseQualificationList>
				<SkillRef>SKILL_NURSE_SPEC_MEDICAL_SURGERY</SkillRef>
				<SkillRef>SKILL_NURSE_SPEC_MEDICAL_SURGERY</SkillRef>
			</RequiredNurseQualificationList>

			<RequiredNurseRoles>
				<RoleRef>EMPL_ROLE_SURGERY_NURSE</RoleRef>
				<RoleRef>EMPL_ROLE_SURGERY_NURSE</RoleRef>
			</RequiredNurseRoles>

			<RequiredRoomTags>
				<Tag>operating_room</Tag>
			</RequiredRoomTags>

			<BedPositionsStaff>
				<MainSurgeonPosition>BODY_LEFT</MainSurgeonPosition>
				<SurgeonAsistantPosition>BODY_RIGHT</SurgeonAsistantPosition>
				<AnesthesiologistPosition>NONE</AnesthesiologistPosition>
				<SurgeryNursePosition>FEET_LEFT</SurgeryNursePosition>
				<AssistantNursePosition>FEET_RIGHT</AssistantNursePosition>
			</BedPositionsStaff>

			<Complications>

				<Complication>
					<SymptomRef>SYM_WOUND_INFECTION</SymptomRef>
					<ProbabilityPercent>12</ProbabilityPercent>
					<ProbabilityPercentMaxSkillLevel>2</ProbabilityPercentMaxSkillLevel>
				</Complication>
				<Complication>
					<SymptomRef>SYM_BLEEDING_FROM_THE_WOUND</SymptomRef>
					<ProbabilityPercent>16</ProbabilityPercent>
					<ProbabilityPercentMaxSkillLevel>3</ProbabilityPercentMaxSkillLevel>
				</Complication>
				<Complication>
					<SymptomRef>SYM_CRP_ANAPHYLACTIC_SHOCK</SymptomRef>
					<ProbabilityPercent>1</ProbabilityPercent>
					<ProbabilityPercentMaxSkillLevel>1</ProbabilityPercentMaxSkillLevel>
				</Complication>
				<Complication>
					<SymptomRef>SYM_CRP_MILD_AR</SymptomRef>
					<ProbabilityPercent>5</ProbabilityPercent>
					<ProbabilityPercentMaxSkillLevel>2</ProbabilityPercentMaxSkillLevel>
				</Complication>


				<Complication>
					<SymptomRef>SYM_CRP_POSTOP_PAIN</SymptomRef>
					<ProbabilityPercent>20</ProbabilityPercent>
					<ProbabilityPercentMaxSkillLevel>5</ProbabilityPercentMaxSkillLevel>
				</Complication>

			</Complications>

			<RequiredEquipmentList>
				<RequiredEquipment>
					<Tag>operating_table_head</Tag>
					<!--0-->
				</RequiredEquipment>
				<RequiredEquipment>
					<Tag>operating_table_legs</Tag>
					<!--1-->
				</RequiredEquipment>
				<RequiredEquipment>
					<Tag>scrubbing_sink</Tag>
					<!--2-->
				</RequiredEquipment>
				<RequiredEquipment>
					<Tag>scrubbing_sink</Tag>
					<!--3-->
				</RequiredEquipment>
				<RequiredEquipment>
					<Tag>scrubbing_sink</Tag>
					<!--4-->
				</RequiredEquipment>
				<RequiredEquipment>
					<Tag>scrubs_shelf</Tag>
					<!--5-->
				</RequiredEquipment>
				<RequiredEquipment>
					<Tag>scrubs_shelf</Tag>
					<!--6-->
				</RequiredEquipment>
				<RequiredEquipment>
					<Tag>scrubs_shelf</Tag>
					<!--7-->
				</RequiredEquipment>
				<RequiredEquipment>
					<Tag>warming_cabinet</Tag>
					<!--8-->
				</RequiredEquipment>
				<RequiredEquipment>
					<Tag>doc_equipment</Tag>
					<!--9-->
				</RequiredEquipment>
				<RequiredEquipment>
					<Tag>surgery_instruments</Tag>
					<!--10-->
				</RequiredEquipment>
				<RequiredEquipment>
					<Tag>electrocautery_machine</Tag>
					<!--11-->
				</RequiredEquipment>
				<RequiredEquipment>
					<Tag>stool</Tag>
					<!--12-->
				</RequiredEquipment>
				<RequiredEquipment>
					<Tag>anesthetic_machine</Tag>
					<!--13-->
				</RequiredEquipment>
				<RequiredEquipment>
					<Tag>defibrillator</Tag>
					<!--14-->
				</RequiredEquipment>
				<RequiredEquipment>
					<Tag>succion_machine</Tag>
					<!--15-->
				</RequiredEquipment>
			</RequiredEquipmentList>

			<ProcedureScript>ProcedureScriptTreatmentSurgery</ProcedureScript>
			<SpeechBubbleRef>BUBBLE_PLACEHOLDER</SpeechBubbleRef>
			<EquipmentFromAnyDepartment>true</EquipmentFromAnyDepartment>
		</Procedure>
		<TreatmentType>SURGERY</TreatmentType>
		<Cost>100</Cost>
		<IconIndex>1945</IconIndex>
		<HospitalizationTreatmentRef>TRT_HOSPITALIZATION_HIGH_PRIORITY</HospitalizationTreatmentRef>

		<CustomIconBigAssetRef>ASSET_DIAG_SUR_ICON_005</CustomIconBigAssetRef>
		<CustomIconSmallAssetRef>ASSET_DIAG_SUR_ICON_006</CustomIconSmallAssetRef>

	</GameDBTreatment>

	<!-- Liver Transplant -->
	<GameDBTreatment ID="SUR_OL_LIVER_TRANSPLANT">
		<AbbreviationLocID>SUR_OL_LIVER_TRANSPLANT_DESC</AbbreviationLocID>
		<DiscomfortLevel>Medium</DiscomfortLevel>
		<Procedure>
			<StaffSelectionRules>DEFAULT_ROOMS</StaffSelectionRules>
			<RequiredSkillsToPrescribe>
				<SkillRef>SKILL_DOC_SPEC_DIAG</SkillRef>
			</RequiredSkillsToPrescribe>

			<RequiredDoctorQualificationList>
				<SkillRef>SKILL_DOC_SPEC_DIAG_SURGERY</SkillRef>
				<SkillRef>SKILL_DOC_SPEC_ANESTHESIOLOGY</SkillRef>

				<!-- needs to be last so the anesthesiologist doesn't get selected as assistant-->
				<SkillRef>SKILL_DOC_SPEC_DIAG</SkillRef>
			</RequiredDoctorQualificationList>

			<RequiredDoctorRoles>
				<RoleRef>EMPL_ROLE_SURGERY</RoleRef>
				<RoleRef>EMPL_ROLE_SURGERY_ANESTHESIOLOGY</RoleRef>
				<RoleRef>EMPL_ROLE_SURGERY_ASSIST</RoleRef>
			</RequiredDoctorRoles>

			<FallbackDoctorDepartments>
				<DepartmentRef>DPT_DEFAULT</DepartmentRef>
				<DepartmentRef>DPT_ICU</DepartmentRef>
				<DepartmentRef>DPT_DEFAULT</DepartmentRef>
			</FallbackDoctorDepartments>

			<RequiredNurseQualificationList>
				<SkillRef>SKILL_NURSE_SPEC_MEDICAL_SURGERY</SkillRef>
				<SkillRef>SKILL_NURSE_SPEC_MEDICAL_SURGERY</SkillRef>
			</RequiredNurseQualificationList>

			<RequiredNurseRoles>
				<RoleRef>EMPL_ROLE_SURGERY_NURSE</RoleRef>
				<RoleRef>EMPL_ROLE_SURGERY_NURSE</RoleRef>
			</RequiredNurseRoles>

			<RequiredRoomTags>
				<Tag>operating_room</Tag>
			</RequiredRoomTags>

			<BedPositionsStaff>
				<MainSurgeonPosition>BODY_LEFT</MainSurgeonPosition>
				<SurgeonAsistantPosition>BODY_RIGHT</SurgeonAsistantPosition>
				<AnesthesiologistPosition>NONE</AnesthesiologistPosition>
				<SurgeryNursePosition>FEET_LEFT</SurgeryNursePosition>
				<AssistantNursePosition>FEET_RIGHT</AssistantNursePosition>
			</BedPositionsStaff>

			<Complications>

				<Complication>
					<SymptomRef>SYM_WOUND_INFECTION</SymptomRef>
					<ProbabilityPercent>12</ProbabilityPercent>
					<ProbabilityPercentMaxSkillLevel>2</ProbabilityPercentMaxSkillLevel>
				</Complication>
				<Complication>
					<SymptomRef>SYM_BLEEDING_FROM_THE_WOUND</SymptomRef>
					<ProbabilityPercent>16</ProbabilityPercent>
					<ProbabilityPercentMaxSkillLevel>3</ProbabilityPercentMaxSkillLevel>
				</Complication>
				<Complication>
					<SymptomRef>SYM_CRP_ANAPHYLACTIC_SHOCK</SymptomRef>
					<ProbabilityPercent>1</ProbabilityPercent>
					<ProbabilityPercentMaxSkillLevel>1</ProbabilityPercentMaxSkillLevel>
				</Complication>
				<Complication>
					<SymptomRef>SYM_CRP_MILD_AR</SymptomRef>
					<ProbabilityPercent>5</ProbabilityPercent>
					<ProbabilityPercentMaxSkillLevel>2</ProbabilityPercentMaxSkillLevel>
				</Complication>


				<Complication>
					<SymptomRef>SYM_CRP_POSTOP_PAIN</SymptomRef>
					<ProbabilityPercent>20</ProbabilityPercent>
					<ProbabilityPercentMaxSkillLevel>5</ProbabilityPercentMaxSkillLevel>
				</Complication>

			</Complications>

			<RequiredEquipmentList>
				<RequiredEquipment>
					<Tag>operating_table_head</Tag>
					<!--0-->
				</RequiredEquipment>
				<RequiredEquipment>
					<Tag>operating_table_legs</Tag>
					<!--1-->
				</RequiredEquipment>
				<RequiredEquipment>
					<Tag>scrubbing_sink</Tag>
					<!--2-->
				</RequiredEquipment>
				<RequiredEquipment>
					<Tag>scrubbing_sink</Tag>
					<!--3-->
				</RequiredEquipment>
				<RequiredEquipment>
					<Tag>scrubbing_sink</Tag>
					<!--4-->
				</RequiredEquipment>
				<RequiredEquipment>
					<Tag>scrubs_shelf</Tag>
					<!--5-->
				</RequiredEquipment>
				<RequiredEquipment>
					<Tag>scrubs_shelf</Tag>
					<!--6-->
				</RequiredEquipment>
				<RequiredEquipment>
					<Tag>scrubs_shelf</Tag>
					<!--7-->
				</RequiredEquipment>
				<RequiredEquipment>
					<Tag>warming_cabinet</Tag>
					<!--8-->
				</RequiredEquipment>
				<RequiredEquipment>
					<Tag>doc_equipment</Tag>
					<!--9-->
				</RequiredEquipment>
				<RequiredEquipment>
					<Tag>surgery_instruments</Tag>
					<!--10-->
				</RequiredEquipment>
				<RequiredEquipment>
					<Tag>electrocautery_machine</Tag>
					<!--11-->
				</RequiredEquipment>
				<RequiredEquipment>
					<Tag>stool</Tag>
					<!--12-->
				</RequiredEquipment>
				<RequiredEquipment>
					<Tag>anesthetic_machine</Tag>
					<!--13-->
				</RequiredEquipment>
				<RequiredEquipment>
					<Tag>defibrillator</Tag>
					<!--14-->
				</RequiredEquipment>
				<RequiredEquipment>
					<Tag>succion_machine</Tag>
					<!--15-->
				</RequiredEquipment>
			</RequiredEquipmentList>

			<ProcedureScript>ProcedureScriptTreatmentSurgery</ProcedureScript>
			<SpeechBubbleRef>BUBBLE_PLACEHOLDER</SpeechBubbleRef>
			<EquipmentFromAnyDepartment>true</EquipmentFromAnyDepartment>
		</Procedure>
		<TreatmentType>SURGERY</TreatmentType>
		<Cost>100</Cost>
		<IconIndex>1945</IconIndex>
		<HospitalizationTreatmentRef>TRT_HOSPITALIZATION_HIGH_PRIORITY</HospitalizationTreatmentRef>

		<CustomIconBigAssetRef>ASSET_DIAG_SUR_ICON_007</CustomIconBigAssetRef>
		<CustomIconSmallAssetRef>ASSET_DIAG_SUR_ICON_008</CustomIconSmallAssetRef>

	</GameDBTreatment>

	<!-- Myotomy -->
	<GameDBTreatment ID="SUR_OL_MYOTOMY">
		<AbbreviationLocID>SUR_OL_MYOTOMY_DESC</AbbreviationLocID>
		<DiscomfortLevel>Medium</DiscomfortLevel>
		<Procedure>
			<StaffSelectionRules>DEFAULT_ROOMS</StaffSelectionRules>
			<RequiredSkillsToPrescribe>
				<SkillRef>SKILL_DOC_SPEC_DIAG</SkillRef>
			</RequiredSkillsToPrescribe>

			<RequiredDoctorQualificationList>
				<SkillRef>SKILL_DOC_SPEC_DIAG_SURGERY</SkillRef>
				<SkillRef>SKILL_DOC_SPEC_ANESTHESIOLOGY</SkillRef>

				<!-- needs to be last so the anesthesiologist doesn't get selected as assistant-->
				<SkillRef>SKILL_DOC_SPEC_DIAG</SkillRef>
			</RequiredDoctorQualificationList>

			<RequiredDoctorRoles>
				<RoleRef>EMPL_ROLE_SURGERY</RoleRef>
				<RoleRef>EMPL_ROLE_SURGERY_ANESTHESIOLOGY</RoleRef>
				<RoleRef>EMPL_ROLE_SURGERY_ASSIST</RoleRef>
			</RequiredDoctorRoles>

			<FallbackDoctorDepartments>
				<DepartmentRef>DPT_DEFAULT</DepartmentRef>
				<DepartmentRef>DPT_ICU</DepartmentRef>
				<DepartmentRef>DPT_DEFAULT</DepartmentRef>
			</FallbackDoctorDepartments>

			<RequiredNurseQualificationList>
				<SkillRef>SKILL_NURSE_SPEC_MEDICAL_SURGERY</SkillRef>
				<SkillRef>SKILL_NURSE_SPEC_MEDICAL_SURGERY</SkillRef>
			</RequiredNurseQualificationList>

			<RequiredNurseRoles>
				<RoleRef>EMPL_ROLE_SURGERY_NURSE</RoleRef>
				<RoleRef>EMPL_ROLE_SURGERY_NURSE</RoleRef>
			</RequiredNurseRoles>

			<RequiredRoomTags>
				<Tag>operating_room</Tag>
			</RequiredRoomTags>

			<BedPositionsStaff>
				<MainSurgeonPosition>BODY_LEFT</MainSurgeonPosition>
				<SurgeonAsistantPosition>BODY_RIGHT</SurgeonAsistantPosition>
				<AnesthesiologistPosition>NONE</AnesthesiologistPosition>
				<SurgeryNursePosition>FEET_LEFT</SurgeryNursePosition>
				<AssistantNursePosition>FEET_RIGHT</AssistantNursePosition>
			</BedPositionsStaff>

			<Complications>

				<Complication>
					<SymptomRef>SYM_WOUND_INFECTION</SymptomRef>
					<ProbabilityPercent>12</ProbabilityPercent>
					<ProbabilityPercentMaxSkillLevel>2</ProbabilityPercentMaxSkillLevel>
				</Complication>
				<Complication>
					<SymptomRef>SYM_BLEEDING_FROM_THE_WOUND</SymptomRef>
					<ProbabilityPercent>16</ProbabilityPercent>
					<ProbabilityPercentMaxSkillLevel>3</ProbabilityPercentMaxSkillLevel>
				</Complication>
				<Complication>
					<SymptomRef>SYM_CRP_ANAPHYLACTIC_SHOCK</SymptomRef>
					<ProbabilityPercent>1</ProbabilityPercent>
					<ProbabilityPercentMaxSkillLevel>1</ProbabilityPercentMaxSkillLevel>
				</Complication>
				<Complication>
					<SymptomRef>SYM_CRP_MILD_AR</SymptomRef>
					<ProbabilityPercent>5</ProbabilityPercent>
					<ProbabilityPercentMaxSkillLevel>2</ProbabilityPercentMaxSkillLevel>
				</Complication>


				<Complication>
					<SymptomRef>SYM_CRP_POSTOP_PAIN</SymptomRef>
					<ProbabilityPercent>20</ProbabilityPercent>
					<ProbabilityPercentMaxSkillLevel>5</ProbabilityPercentMaxSkillLevel>
				</Complication>

			</Complications>

			<RequiredEquipmentList>
				<RequiredEquipment>
					<Tag>operating_table_head</Tag>
					<!--0-->
				</RequiredEquipment>
				<RequiredEquipment>
					<Tag>operating_table_legs</Tag>
					<!--1-->
				</RequiredEquipment>
				<RequiredEquipment>
					<Tag>scrubbing_sink</Tag>
					<!--2-->
				</RequiredEquipment>
				<RequiredEquipment>
					<Tag>scrubbing_sink</Tag>
					<!--3-->
				</RequiredEquipment>
				<RequiredEquipment>
					<Tag>scrubbing_sink</Tag>
					<!--4-->
				</RequiredEquipment>
				<RequiredEquipment>
					<Tag>scrubs_shelf</Tag>
					<!--5-->
				</RequiredEquipment>
				<RequiredEquipment>
					<Tag>scrubs_shelf</Tag>
					<!--6-->
				</RequiredEquipment>
				<RequiredEquipment>
					<Tag>scrubs_shelf</Tag>
					<!--7-->
				</RequiredEquipment>
				<RequiredEquipment>
					<Tag>warming_cabinet</Tag>
					<!--8-->
				</RequiredEquipment>
				<RequiredEquipment>
					<Tag>doc_equipment</Tag>
					<!--9-->
				</RequiredEquipment>
				<RequiredEquipment>
					<Tag>surgery_instruments</Tag>
					<!--10-->
				</RequiredEquipment>
				<RequiredEquipment>
					<Tag>electrocautery_machine</Tag>
					<!--11-->
				</RequiredEquipment>
				<RequiredEquipment>
					<Tag>stool</Tag>
					<!--12-->
				</RequiredEquipment>
				<RequiredEquipment>
					<Tag>anesthetic_machine</Tag>
					<!--13-->
				</RequiredEquipment>
				<RequiredEquipment>
					<Tag>defibrillator</Tag>
					<!--14-->
				</RequiredEquipment>
				<RequiredEquipment>
					<Tag>succion_machine</Tag>
					<!--15-->
				</RequiredEquipment>
			</RequiredEquipmentList>

			<ProcedureScript>ProcedureScriptTreatmentSurgery</ProcedureScript>
			<SpeechBubbleRef>BUBBLE_PLACEHOLDER</SpeechBubbleRef>
			<EquipmentFromAnyDepartment>true</EquipmentFromAnyDepartment>
		</Procedure>
		<TreatmentType>SURGERY</TreatmentType>
		<Cost>100</Cost>
		<IconIndex>1945</IconIndex>
		<HospitalizationTreatmentRef>TRT_HOSPITALIZATION_HIGH_PRIORITY</HospitalizationTreatmentRef>

		<CustomIconBigAssetRef>ASSET_DIAG_SUR_ICON_009</CustomIconBigAssetRef>
		<CustomIconSmallAssetRef>ASSET_DIAG_SUR_ICON_010</CustomIconSmallAssetRef>

	</GameDBTreatment>


	<!-- Laparoscopy -->
	<GameDBTreatment ID="SUR_OL_LAPAROSCOPY">
		<AbbreviationLocID>SUR_OL_LAPAROSCOPY_DESC</AbbreviationLocID>
		<DiscomfortLevel>High</DiscomfortLevel>
		<Procedure>
			<StaffSelectionRules>DEFAULT_ROOMS</StaffSelectionRules>
			<RequiredSkillsToPrescribe>
				<SkillRef>SKILL_DOC_SPEC_DIAG</SkillRef>
			</RequiredSkillsToPrescribe>
			<RequiredDoctorQualificationList>
				<SkillRef>SKILL_DOC_SPEC_DIAG_SURGERY</SkillRef>
				<SkillRef>SKILL_DOC_SPEC_ANESTHESIOLOGY</SkillRef>
				<!--  needs to be last so the anesthesiologist doesn't get selected as assistant -->
				<SkillRef>SKILL_DOC_SPEC_DIAG</SkillRef>
			</RequiredDoctorQualificationList>
			<RequiredDoctorRoles>
				<RoleRef>EMPL_ROLE_SURGERY</RoleRef>
				<RoleRef>EMPL_ROLE_SURGERY_ANESTHESIOLOGY</RoleRef>
				<RoleRef>EMPL_ROLE_SURGERY_ASSIST</RoleRef>
			</RequiredDoctorRoles>
			<FallbackDoctorDepartments>
				<DepartmentRef>DPT_DEFAULT</DepartmentRef>
				<DepartmentRef>DPT_ICU</DepartmentRef>
				<DepartmentRef>DPT_DEFAULT</DepartmentRef>
			</FallbackDoctorDepartments>
			<RequiredNurseQualificationList>
				<SkillRef>SKILL_NURSE_SPEC_MEDICAL_SURGERY</SkillRef>
				<SkillRef>SKILL_NURSE_SPEC_MEDICAL_SURGERY</SkillRef>
			</RequiredNurseQualificationList>
			<RequiredNurseRoles>
				<RoleRef>EMPL_ROLE_SURGERY_NURSE</RoleRef>
				<RoleRef>EMPL_ROLE_SURGERY_NURSE</RoleRef>
			</RequiredNurseRoles>
			<RequiredRoomTags>
				<Tag>operating_room</Tag>
			</RequiredRoomTags>
			<BedPositionsStaff>
				<MainSurgeonPosition>BODY_LEFT</MainSurgeonPosition>
				<SurgeonAsistantPosition>BODY_RIGHT</SurgeonAsistantPosition>
				<AnesthesiologistPosition>NONE</AnesthesiologistPosition>
				<SurgeryNursePosition>FEET_LEFT</SurgeryNursePosition>
				<AssistantNursePosition>FEET_RIGHT</AssistantNursePosition>
			</BedPositionsStaff>
			<Complications>
				<Complication>
					<SymptomRef>SYM_WOUND_INFECTION</SymptomRef>
					<ProbabilityPercent>10</ProbabilityPercent>
					<ProbabilityPercentMaxSkillLevel>5</ProbabilityPercentMaxSkillLevel>
				</Complication>
			</Complications>
			<RequiredEquipmentList>
				<RequiredEquipment>
					<Tag>operating_table_head</Tag>
					<!-- 0 -->
				</RequiredEquipment>
				<RequiredEquipment>
					<Tag>operating_table_legs</Tag>
					<!-- 1 -->
				</RequiredEquipment>
				<RequiredEquipment>
					<Tag>scrubbing_sink</Tag>
					<!-- 2 -->
				</RequiredEquipment>
				<RequiredEquipment>
					<Tag>scrubbing_sink</Tag>
					<!-- 3 -->
				</RequiredEquipment>
				<RequiredEquipment>
					<Tag>scrubbing_sink</Tag>
					<!-- 4 -->
				</RequiredEquipment>
				<RequiredEquipment>
					<Tag>scrubs_shelf</Tag>
					<!-- 5 -->
				</RequiredEquipment>
				<RequiredEquipment>
					<Tag>scrubs_shelf</Tag>
					<!-- 6 -->
				</RequiredEquipment>
				<RequiredEquipment>
					<Tag>scrubs_shelf</Tag>
					<!-- 7 -->
				</RequiredEquipment>
				<RequiredEquipment>
					<Tag>warming_cabinet</Tag>
					<!-- 8 -->
				</RequiredEquipment>
				<RequiredEquipment>
					<Tag>doc_equipment</Tag>
					<!-- 9 -->
				</RequiredEquipment>
				<RequiredEquipment>
					<Tag>surgery_instruments</Tag>
					<!-- 10 -->
				</RequiredEquipment>
				<RequiredEquipment>
					<Tag>electrocautery_machine</Tag>
					<!-- 11 -->
				</RequiredEquipment>
				<RequiredEquipment>
					<Tag>stool</Tag>
					<!-- 12 -->
				</RequiredEquipment>
				<RequiredEquipment>
					<Tag>anesthetic_machine</Tag>
					<!-- 13 -->
				</RequiredEquipment>
				<RequiredEquipment>
					<Tag>defibrillator</Tag>
					<!-- 14 -->
				</RequiredEquipment>
				<RequiredEquipment>
					<Tag>succion_machine</Tag>
					<!-- 15 -->
				</RequiredEquipment>
				<RequiredEquipment>
					<Tag>angio_viewer</Tag>
					<!-- 16 -->
				</RequiredEquipment>
			</RequiredEquipmentList>
			<ProcedureScript>ProcedureScriptTreatmentSurgeryLaparoEndo</ProcedureScript>
			<SpeechBubbleRef>BUBBLE_PLACEHOLDER</SpeechBubbleRef>
			<EquipmentFromAnyDepartment>true</EquipmentFromAnyDepartment>
		</Procedure>
		<TreatmentType>SURGERY</TreatmentType>
		<Cost>100</Cost>
		<IconIndex>1941</IconIndex>
		<HospitalizationTreatmentRef>TRT_HOSPITALIZATION_NORMAL</HospitalizationTreatmentRef>
	</GameDBTreatment>

	<!-- Splenectomy -->
	<GameDBTreatment ID="SUR_OL_SPLENECTOMY">
		<AbbreviationLocID>SUR_OL_SPLENECTOMY_DESC</AbbreviationLocID>
		<DiscomfortLevel>High</DiscomfortLevel>
		<Procedure>
			<StaffSelectionRules>DEFAULT_ROOMS</StaffSelectionRules>
			<RequiredSkillsToPrescribe>
				<SkillRef>SKILL_DOC_SPEC_DIAG</SkillRef>
			</RequiredSkillsToPrescribe>

			<RequiredDoctorQualificationList>
				<SkillRef>SKILL_DOC_SPEC_DIAG_SURGERY</SkillRef>
				<SkillRef>SKILL_DOC_SPEC_ANESTHESIOLOGY</SkillRef>
				<!--  needs to be last so the anesthesiologist doesn't get selected as assistant -->
				<SkillRef>SKILL_DOC_SPEC_DIAG</SkillRef>
			</RequiredDoctorQualificationList>

			<RequiredDoctorRoles>
				<RoleRef>EMPL_ROLE_SURGERY</RoleRef>
				<RoleRef>EMPL_ROLE_SURGERY_ANESTHESIOLOGY</RoleRef>
				<RoleRef>EMPL_ROLE_SURGERY_ASSIST</RoleRef>
			</RequiredDoctorRoles>

			<RequiredNurseQualificationList>
				<SkillRef>SKILL_NURSE_SPEC_MEDICAL_SURGERY</SkillRef>
				<SkillRef>SKILL_NURSE_SPEC_MEDICAL_SURGERY</SkillRef>
			</RequiredNurseQualificationList>

			<RequiredNurseRoles>
				<RoleRef>EMPL_ROLE_SURGERY_NURSE</RoleRef>
				<RoleRef>EMPL_ROLE_SURGERY_NURSE</RoleRef>
			</RequiredNurseRoles>

			<RequiredRoomTags>
				<Tag>operating_room</Tag>
			</RequiredRoomTags>

			<BedPositionsStaff>
				<MainSurgeonPosition>BODY_LEFT</MainSurgeonPosition>
				<SurgeonAsistantPosition>BODY_RIGHT</SurgeonAsistantPosition>
				<AnesthesiologistPosition>NONE</AnesthesiologistPosition>
				<SurgeryNursePosition>FEET_LEFT</SurgeryNursePosition>
				<AssistantNursePosition>FEET_RIGHT</AssistantNursePosition>
			</BedPositionsStaff>

			<Complications>
				<Complication>
					<SymptomRef>SYM_CRP_ABSCESS</SymptomRef>
					<ProbabilityPercent>10</ProbabilityPercent>
					<ProbabilityPercentMaxSkillLevel>5</ProbabilityPercentMaxSkillLevel>
				</Complication>
				<Complication>
					<SymptomRef>SYM_WOUND_INFECTION</SymptomRef>
					<ProbabilityPercent>10</ProbabilityPercent>
					<ProbabilityPercentMaxSkillLevel>5</ProbabilityPercentMaxSkillLevel>
				</Complication>
				<Complication>
					<SymptomRef>SYM_SEPSIS</SymptomRef>
					<ProbabilityPercent>10</ProbabilityPercent>
					<ProbabilityPercentMaxSkillLevel>5</ProbabilityPercentMaxSkillLevel>
				</Complication>
				<Complication>
					<SymptomRef>SYM_CRP_ANAPHYLACTIC_SHOCK</SymptomRef>
					<ProbabilityPercent>4</ProbabilityPercent>
					<ProbabilityPercentMaxSkillLevel>2</ProbabilityPercentMaxSkillLevel>
				</Complication>
				<Complication>
					<SymptomRef>SYM_CRP_NERVE_DAMAGE</SymptomRef>
					<ProbabilityPercent>6</ProbabilityPercent>
					<ProbabilityPercentMaxSkillLevel>2</ProbabilityPercentMaxSkillLevel>
				</Complication>
			</Complications>

			<RequiredEquipmentList>
				<RequiredEquipment>
					<Tag>operating_table_head</Tag>
				</RequiredEquipment>
				<RequiredEquipment>
					<Tag>operating_table_legs</Tag>
				</RequiredEquipment>
				<RequiredEquipment>
					<Tag>scrubbing_sink</Tag>
				</RequiredEquipment>
				<RequiredEquipment>
					<Tag>scrubbing_sink</Tag>
				</RequiredEquipment>
				<RequiredEquipment>
					<Tag>scrubbing_sink</Tag>
				</RequiredEquipment>
				<RequiredEquipment>
					<Tag>scrubs_shelf</Tag>
				</RequiredEquipment>
				<RequiredEquipment>
					<Tag>scrubs_shelf</Tag>
				</RequiredEquipment>
				<RequiredEquipment>
					<Tag>scrubs_shelf</Tag>
				</RequiredEquipment>
				<RequiredEquipment>
					<Tag>warming_cabinet</Tag>
				</RequiredEquipment>
				<RequiredEquipment>
					<Tag>doc_equipment</Tag>
				</RequiredEquipment>
				<RequiredEquipment>
					<Tag>surgery_instruments</Tag>
				</RequiredEquipment>
				<RequiredEquipment>
					<Tag>electrocautery_machine</Tag>
				</RequiredEquipment>
				<RequiredEquipment>
					<Tag>stool</Tag>
				</RequiredEquipment>
				<RequiredEquipment>
					<Tag>anesthetic_machine</Tag>
				</RequiredEquipment>
				<RequiredEquipment>
					<Tag>defibrillator</Tag>
				</RequiredEquipment>
				<RequiredEquipment>
					<Tag>succion_machine</Tag>
				</RequiredEquipment>
			</RequiredEquipmentList>

			<ProcedureScript>ProcedureScriptTreatmentSurgery</ProcedureScript>
			<SpeechBubbleRef>BUBBLE_PLACEHOLDER</SpeechBubbleRef>
			<EquipmentFromAnyDepartment>true</EquipmentFromAnyDepartment>
		</Procedure>
		<TreatmentType>SURGERY</TreatmentType>
		<Cost>100</Cost>
		<IconIndex>1945</IconIndex>
		<HospitalizationTreatmentRef>TRT_HOSPITALIZATION_HIGH_PRIORITY</HospitalizationTreatmentRef>

	</GameDBTreatment>

	<!-- Endoscopic Cauterization-->
	<GameDBTreatment ID="SUR_OL_ENDOSCOPIC_CAUTERIZATION">
		<AbbreviationLocID>SUR_OL_ENDOSCOPIC_CAUTERIZATION_DESCRIPTION</AbbreviationLocID>
		<DiscomfortLevel>High</DiscomfortLevel>
		<Procedure>
			<StaffSelectionRules>DEFAULT_ROOMS</StaffSelectionRules>
			<RequiredSkillsToPrescribe>
				<SkillRef>SKILL_DOC_SPEC_DIAG</SkillRef>
			</RequiredSkillsToPrescribe>
			<RequiredDoctorQualificationList>
				<SkillRef>SKILL_DOC_SPEC_DIAG_SURGERY</SkillRef>
				<SkillRef>SKILL_DOC_SPEC_ANESTHESIOLOGY</SkillRef>
			</RequiredDoctorQualificationList>
			<RequiredDoctorRoles>
				<RoleRef>EMPL_ROLE_SURGERY</RoleRef>
				<RoleRef>EMPL_ROLE_SURGERY_ANESTHESIOLOGY</RoleRef>
			</RequiredDoctorRoles>
			<FallbackDoctorDepartments>
				<DepartmentRef>DPT_DEFAULT</DepartmentRef>
				<DepartmentRef>DPT_ICU</DepartmentRef>
			</FallbackDoctorDepartments>
			<RequiredNurseQualificationList>
				<SkillRef>SKILL_NURSE_SPEC_MEDICAL_SURGERY</SkillRef>
				<SkillRef>SKILL_NURSE_SPEC_MEDICAL_SURGERY</SkillRef>
			</RequiredNurseQualificationList>
			<RequiredNurseRoles>
				<RoleRef>EMPL_ROLE_SURGERY_NURSE</RoleRef>
				<RoleRef>EMPL_ROLE_SURGERY_NURSE</RoleRef>
			</RequiredNurseRoles>
			<BedPositionsStaff>
				<MainSurgeonPosition>BODY_LEFT</MainSurgeonPosition>
				<SurgeonAsistantPosition>NONE</SurgeonAsistantPosition>
				<AnesthesiologistPosition>NONE</AnesthesiologistPosition>
				<SurgeryNursePosition>FEET_LEFT</SurgeryNursePosition>
				<AssistantNursePosition>FEET_RIGHT</AssistantNursePosition>
			</BedPositionsStaff>
			<RequiredRoomTags>
				<Tag>operating_room</Tag>
			</RequiredRoomTags>
			<RequiredEquipmentList>
				<RequiredEquipment>
					<Tag>operating_table_head</Tag>
					<!-- 0 -->
				</RequiredEquipment>
				<RequiredEquipment>
					<Tag>operating_table_legs</Tag>
					<!-- 1 -->
				</RequiredEquipment>
				<RequiredEquipment>
					<Tag>scrubbing_sink</Tag>
					<!-- 2 -->
				</RequiredEquipment>
				<RequiredEquipment>
					<Tag>scrubbing_sink</Tag>
					<!-- 3 -->
				</RequiredEquipment>
				<RequiredEquipment>
					<Tag>scrubs_shelf</Tag>
					<!-- 4 -->
				</RequiredEquipment>
				<RequiredEquipment>
					<Tag>scrubs_shelf</Tag>
					<!-- 5 -->
				</RequiredEquipment>
				<RequiredEquipment>
					<Tag>warming_cabinet</Tag>
					<!-- 6 -->
				</RequiredEquipment>
				<RequiredEquipment>
					<Tag>doc_equipment</Tag>
					<!-- 7 -->
				</RequiredEquipment>
				<RequiredEquipment>
					<Tag>surgery_instruments</Tag>
					<!-- 8 -->
				</RequiredEquipment>
				<RequiredEquipment>
					<Tag>stool</Tag>
					<!-- 9 -->
				</RequiredEquipment>
				<RequiredEquipment>
					<Tag>anesthetic_machine</Tag>
					<!-- 10 -->
				</RequiredEquipment>
				<RequiredEquipment>
					<Tag>defibrillator</Tag>
					<!-- 11 -->
				</RequiredEquipment>
				<RequiredEquipment>
					<Tag>angio_viewer</Tag>
					<!-- 12 -->
				</RequiredEquipment>
			</RequiredEquipmentList>
			<ProcedureScript>ProcedureScriptTreatmentSurgeryLigiCauterization</ProcedureScript>
			<SpeechBubbleRef>BUBBLE_PLACEHOLDER</SpeechBubbleRef>
			<DressLevel>FULL</DressLevel>
			<DressLevelAfter>FULL</DressLevelAfter>
			<EquipmentFromAnyDepartment>true</EquipmentFromAnyDepartment>
		</Procedure>
		<TreatmentType>SURGERY</TreatmentType>
		<Cost>50</Cost>
		<IconIndex>1941</IconIndex>
		<HospitalizationTreatmentRef>TRT_HOSPITALIZATION_NORMAL</HospitalizationTreatmentRef>
	</GameDBTreatment>
	
</Database>
  