<Database>
	<!-- Department of Diagnostics Mod by Ollyver -->
	<GameDBStringTable ID="LOC_EN_ADDON_DIAG_SYMPTOMS">
	<LanguageCode>en</LanguageCode>
	<LanguageNameLocalized>English</LanguageNameLocalized>
	<Contributors>
	<Name>Ollyver</Name>
	</Contributors>

	<LocalizedStrings>
	
		<!-- Lip edema -->
		<GameDBLocalizedString>
			<LocID>SYM_OL_LIP_EDEMA</LocID>
			<Text>Lip Angioedema</Text>
		</GameDBLocalizedString>

		<GameDBLocalizedString>
			<LocID>SYM_OL_LIP_EDEMA_DESC</LocID>
			<Text>The patient has swollen lips due to Angioedema.</Text>
		</GameDBLocalizedString>
	
		<!-- Laryngeal edema -->
		<GameDBLocalizedString>
			<LocID>SYM_OL_LARYNGEAL_EDEMA</LocID>
			<Text>Laryngeal Angioedema</Text>
		</GameDBLocalizedString>

		<GameDBLocalizedString>
			<LocID>SYM_OL_LARYNGEAL_EDEMA_DESC</LocID>
			<Text>The patient has Angioedema in their Larynx leading to difficulty breathing.</Text>
		</GameDBLocalizedString>
		
		<!-- Intestinal edema -->
		<GameDBLocalizedString>      
			<LocID>SYM_OL_INTESTINAL_EDEMA</LocID>                         
			<Text>Intestinal Angioedema</Text>	
		</GameDBLocalizedString>
	
		<GameDBLocalizedString>      
			<LocID>SYM_OL_INTESTINAL_EDEMA_DESC</LocID>                         
			<Text>The patient has Angioedema in their Intestines causing intense abdomen pain.</Text>	
		</GameDBLocalizedString>
		
		<!-- Kayser-Fleischer rings -->
		<GameDBLocalizedString>
			<LocID>SYM_OL_KFR</LocID>
			<Text>Kayser-Fleischer rings</Text>
		</GameDBLocalizedString>

		<GameDBLocalizedString>
			<LocID>SYM_OL_KFR_DESC</LocID>
			<Text>Kayser-Fleischer rings are dark rings that appear to encircle the cornea of the eye. They are due to copper deposition in the Descemet's membrane as a result of particular liver diseases.</Text>
		</GameDBLocalizedString>

		<!-- Splenomegaly -->
		<GameDBLocalizedString>
			<LocID>SYM_OL_SPLENOMEGALY</LocID>
			<Text>Splenomegaly</Text>
		</GameDBLocalizedString>

		<GameDBLocalizedString>
			<LocID>SYM_OL_SPLENOMEGALY_DESC</LocID>
			<Text>An enlarged spleen is also known as splenomegaly.</Text>
		</GameDBLocalizedString>

		<!-- Splenomegaly Rupture -->
		<GameDBLocalizedString>
			<LocID>SYM_OL_RUP_SPLENOMEGALY</LocID>
			<Text>Ruptured Spleen</Text>
		</GameDBLocalizedString>

		<GameDBLocalizedString>
			<LocID>SYM_OL_RUP_SPLENOMEGALY_DESC</LocID>
			<Text>A ruptured spleen is an emergency medical condition that occurs when the capsule-like covering of the spleen breaks open, pouring blood into your abdominal area. Depending on the size of the rupture, a large amount of internal bleeding can occur.</Text>
		</GameDBLocalizedString>
		
		<!-- Hepatomegaly -->
		<GameDBLocalizedString>
			<LocID>SYM_OL_HEPATOMEGALY</LocID>
			<Text>Hepatomegaly</Text>
		</GameDBLocalizedString>

		<GameDBLocalizedString>
			<LocID>SYM_OL_HEPATOMEGALY_DESC</LocID>
			<Text>Hepatomegaly is enlargement of the liver beyond its normal size.</Text>
		</GameDBLocalizedString>
		
		<!-- Renal failure -->
		<GameDBLocalizedString>
			<LocID>SYM_OL_RENAL_FAILURE</LocID>
			<Text>Renal failure</Text>
		</GameDBLocalizedString>

		<GameDBLocalizedString>
			<LocID>SYM_OL_RENAL_FAILURE_DESC</LocID>
			<Text>Renal Failure means one or both of your kidneys no longer function well on their own.</Text>
		</GameDBLocalizedString>

		<!-- Pulseless -->
		<GameDBLocalizedString>
			<LocID>SYM_OL_PULSELESS</LocID>
			<Text>Pulseless</Text>
		</GameDBLocalizedString>

		<GameDBLocalizedString>
			<LocID>SYM_OL_PULSELESS_DESC</LocID>
			<Text>Absent pulse is a late sign and indicates tissue death.</Text>
		</GameDBLocalizedString>

		<!-- Kidney Cysts -->
		<GameDBLocalizedString>
			<LocID>SYM_OL_KIDNEY_CYSTS</LocID>
			<Text>Kidney Cysts</Text>
		</GameDBLocalizedString>

		<GameDBLocalizedString>
			<LocID>SYM_OL_KIDNEY_CYSTS_DESC</LocID>
			<Text>Imaging has revealed multiple cysts on the patients kidneys.</Text>
		</GameDBLocalizedString>

		<!-- Imminent death -->
		<GameDBLocalizedString>
			<LocID>SYM_OL_DEATH</LocID>
			<Text>Imminent death</Text>
		</GameDBLocalizedString>

		<GameDBLocalizedString>
			<LocID>SYM_OL_DEATH_DESC</LocID>
			<Text>The patient is untreatable as their disease has progressed too far.</Text>
		</GameDBLocalizedString>
	
	<!--
	Translators, please ignore this:
	Used to quickly add new localisation to the mod 
	
	<GameDBLocalizedString>      
		<LocID>XYZ</LocID>                         
		<Text></Text>	
	</GameDBLocalizedString>
	
	<GameDBLocalizedString>      
		<LocID>XYZ_DESC</LocID>                         
		<Text></Text>	
	</GameDBLocalizedString>
	-->


	</LocalizedStrings>
	</GameDBStringTable>
</Database>