<Database>

<GameDBSkill ID="SKILL_DOC_SPEC_DIAG">
	<AbbreviationLocID>SKILL_DOC_SPEC_DIAG_DESCR</AbbreviationLocID>
	<ParentSkill>SKILL_DOC_QUALIF_GENERAL_MEDICINE</ParentSkill>

	<IconIndex>403</IconIndex>

	<CustomIconAssetRef>ASSET_MOD_ICON_DIAG</CustomIconAssetRef>
	<CustomIconLightBackgroundAssetRef>ASSET_MOD_ICON_DIAG_DARK</CustomIconLightBackgroundAssetRef>

	<ExtraLevelingPercent>100</ExtraLevelingPercent>
</GameDBSkill>

<GameDBSkill ID="SKILL_DOC_SPEC_DIAG_SURGERY">
	<AbbreviationLocID>SKILL_DOC_SPEC_DIAG_SURGERY_DESCR</AbbreviationLocID>
	<ParentSkill>SKILL_DOC_QUALIF_GENERAL_MEDICINE</ParentSkill>

	<IconIndex>2388</IconIndex>

	<ExtraLevelingPercent>50</ExtraLevelingPercent>
</GameDBSkill>

</Database>